Title,ID,Type,Link 1 ,Link 2,Link 3 ,Link 4,Link 5,Link 6,Link 7,Link 8,Link 9,Link 10,Link 11,Link 12,Link 13,Link 14,Link 15,Link 16,Link 17,Link 18,Link 19,Link 20,Link 21,Link 22,Link 23,Link 24,Link 25,Link 26,Link 27,Link 28,Link 29,Link 30,Link 31,Link 32,Link 33,Link 34,Link 35,Link 36,Link 37,Link 38,Link 39,Link 40
Claymore (2007),34791-claymore,tv,https://t.me/FilmHouseFilebot?start=BQADAQADQhoAArFaKUaNWVw0Un75wRYE,,,,,,,,,,,,,,,,,,,,,,,,,,,,,,,,,,,,,,,
My Hero Academia: Vigilantes (2025),280110-illegals,tv,https://t.me/FilmHouseFilebot?start=BQADAQADChoAArFaKUZb5cqpBSVQyRYE,https://t.me/FilmHouseFilebot?start=BQADAQADExoAArFaKUbG7h_3Nu4rxxYE,,,,,,,,,,,,,,,,,,,,,,,,,,,,,,,,,,,,,,
My Hero Academia (2016),65930,tv,https://t.me/FilmHouseFilebot?start=BQADAQAD1RkAArFaKUbLvHfvgajRRxYE,https://t.me/FilmHouseFilebot?start=BQADAQADvhkAArFaKUb-77rUmVua2BYE,https://t.me/FilmHouseFilebot?start=BQADAQADlxkAArFaKUZ5LMeGvh8zvxYE,https://t.me/FilmHouseFilebot?start=BQADAQADkhkAArFaKUZQtL11YFCaQRYE,https://t.me/FilmHouseFilebot?start=BQADAQADjRkAArFaKUZ8XJO_G6vcNhYE,https://t.me/FilmHouseFilebot?start=BQADAQADdxkAArFaKUYXNuXLnz5JsxYE,https://t.me/FilmHouseFilebot?start=BQADAQADbRkAArFaKUZL4WNoGJG_JRYE,,,,,,,,,,,,,,,,,,,,,,,,,,,,,,,,,
My Hero Academia: World Heroes' Mission (2021),768744-the-movie,movie,https://t.me/FilmHouseFilebot?start=BQADAQADLxkAArFaKUaXSs1sR1J4GhYE,,,,,,,,,,,,,,,,,,,,,,,,,,,,,,,,,,,,,,,
My Hero Academia: Heroes Rising (2019),592350-the-movie,movie,https://t.me/FilmHouseFilebot?start=BQADAQADJxkAArFaKUYUSC5jbU31DBYE,,,,,,,,,,,,,,,,,,,,,,,,,,,,,,,,,,,,,,,
My Hero Academia: Two Heroes (2018),505262-the-movie-2,movie,https://t.me/FilmHouseFilebot?start=BQADAQADFBkAArFaKUZa_YKYAAGaWMAWBA,,,,,,,,,,,,,,,,,,,,,,,,,,,,,,,,,,,,,,,
【OSHI NO KO】 (2023),203737,tv,https://t.me/FilmHouseFilebot?start=BQADAQAD5hgAArFaKUahDdAVsm6bAhYE,https://t.me/FilmHouseFilebot?start=BQADAQAD7RgAArFaKUYM0KQhNbaouBYE,,,,,,,,,,,,,,,,,,,,,,,,,,,,,,,,,,,,,,
DOTA: Dragon's Blood (2021),118956-dota-dragon-s-blood,tv,https://t.me/FilmHouseFilebot?start=BQADAQADJRgAArFaKUbFpHFY5AF6jRYE,https://t.me/FilmHouseFilebot?start=BQADAQADvxgAArFaKUZ2G2BwemIP2RYE,https://t.me/FilmHouseFilebot?start=BQADAQADyRgAArFaKUbLz2VCDU_X5RYE,,,,,,,,,,,,,,,,,,,,,,,,,,,,,,,,,,,,,
PLUTO (2023),91997-pluto,tv,https://t.me/FilmHouseFilebot?start=BQADAQAD0xcAArFaKUYu022_JaJHtRYE,,,,,,,,,,,,,,,,,,,,,,,,,,,,,,,,,,,,,,,
Ajin (2016),65292-ajin,tv,https://t.me/FilmHouseFilebot?start=BQADAQADtxcAArFaKUYanhuwGZFNlxYE,https://t.me/FilmHouseFilebot?start=BQADAQADvhcAArFaKUa309-JVLHSDhYE,,,,,,,,,,,,,,,,,,,,,,,,,,,,,,,,,,,,,,
Dan Da Dan (2024),240411,tv,https://t.me/FilmHouseFilebot?start=BQADAQADUBcAArFaKUZlqiVrjoKr7BYE,https://t.me/FilmHouseFilebot?start=BQADAQADfhcAArFaKUblHCBd9-3zBhYE,,,,,,,,,,,,,,,,,,,,,,,,,,,,,,,,,,,,,,
Akame ga Kill! (2014),61223,tv,https://t.me/FilmHouseFilebot?start=BQADAQADGRcAArFaKUZZ64oQwXrxThYE,,,,,,,,,,,,,,,,,,,,,,,,,,,,,,,,,,,,,,,
Ningen Fushin: Adventurers Who Don't Believe in Humanity Will Save the World (2023),131366,tv,https://t.me/FilmHouseFilebot?start=BQADAQAD_xYAArFaKUYLT96GPO-l4RYE,,,,,,,,,,,,,,,,,,,,,,,,,,,,,,,,,,,,,,,
Summer Time Rendering (2022),117933,tv,https://t.me/FilmHouseFilebot?start=BQADAQAD2BYAArFaKUY0qkdjS9qU5xYE,,,,,,,,,,,,,,,,,,,,,,,,,,,,,,,,,,,,,,,
Made in Abyss: Wandering Twilight (2019),526429,movie,https://t.me/FilmHouseFilebot?start=BQADAQADfRYAArFaKUak4Ud_kEFy6BYE,,,,,,,,,,,,,,,,,,,,,,,,,,,,,,,,,,,,,,,
Made in Abyss: Journey's Dawn (2019),526426,movie,https://t.me/FilmHouseFilebot?start=BQADAQADdxYAArFaKUbI4ZNi1Dw7BBYE,,,,,,,,,,,,,,,,,,,,,,,,,,,,,,,,,,,,,,,
Made in Abyss (2017),72636-made-in-abyss,tv,https://t.me/FilmHouseFilebot?start=BQADAQADbxYAArFaKUa1HEP0hV4K6xYE,https://t.me/FilmHouseFilebot?start=BQADAQADghYAArFaKUa1S6CQXxP6qRYE,,,,,,,,,,,,,,,,,,,,,,,,,,,,,,,,,,,,,,
My Instant Death Ability Is Overpowered (2024),236144,tv,https://t.me/FilmHouseFilebot?start=BQADAQADDRQAArFaKUb0Zf3svkAS-xYE,,,,,,,,,,,,,,,,,,,,,,,,,,,,,,,,,,,,,,,
Prison School (2015),64706-kangoku-gakuen,tv,https://t.me/FilmHouseFilebot?start=BQADAQAD1RMAArFaKUaMFW9tAAE7V-4WBA,,,,,,,,,,,,,,,,,,,,,,,,,,,,,,,,,,,,,,,
Rascal Does Not Dream of a Dreaming Girl (2019),572154,movie,https://t.me/FilmHouseFilebot?start=BQADAQADlxMAArFaKUaESATQvo3EshYE,,,,,,,,,,,,,,,,,,,,,,,,,,,,,,,,,,,,,,,
Lazarus (2025),231003-lazarus,tv,https://t.me/FilmHouseFilebot?start=BQADAQADHRMAArFaKUYw2ZGmq97EoRYE,,,,,,,,,,,,,,,,,,,,,,,,,,,,,,,,,,,,,,,
The Rising of the Shield Hero (2019),83095,tv,https://t.me/FilmHouseFilebot?start=BQADAQADPBUAArFaIUbzT-VAYaey9hYE,https://t.me/FilmHouseFilebot?start=BQADAQADtxIAArFaKUZiiy-Q4-_OdRYE,https://t.me/FilmHouseFilebot?start=BQADAQADxxIAArFaKUY2SUisgZFX-hYE,,,,,,,,,,,,,,,,,,,,,,,,,,,,,,,,,,,,,
The Secretary,1723794-the-secretary,movie,https://t.me/FilmHouseFilebot?start=BQADAQAD8hcAArFaIUat2A2IQ4vU0RYE,,,,,,,,,,,,,,,,,,,,,,,,,,,,,,,,,,,,,,,
Spidey and His Amazing Friends (2021),127635-spidey-and-his-amazing-friends,tv,https://t.me/FilmHouseFilebot?start=BQADAQADvBYAArFaIUYJQ5EjvKKUihYE,https://t.me/FilmHouseFilebot?start=BQADAQADvxYAArFaIUbhKIQBdgX3qxYE,https://t.me/FilmHouseFilebot?start=BQADAQADwhYAArFaIUabvS-WfI55NxYE,https://t.me/FilmHouseFilebot?start=BQADAQADxRYAArFaIUYNaT2k2FK42RYE,,,,,,,,,,,,,,,,,,,,,,,,,,,,,,,,,,,,
Moon Knight (2022),92749-moon-knight,tv,https://t.me/FilmHouseFilebot?start=BQADAQADiRYAArFaIUYeBE8fPZwG1hYE,,,,,,,,,,,,,,,,,,,,,,,,,,,,,,,,,,,,,,,
Doctor Strange in the Multiverse of Madness (2022),453395-doctor-strange-in-the-multiverse-of-madness,movie,https://t.me/FilmHouseFilebot?start=BQADAQADfRYAArFaIUbjTGbHrsxa0RYE,https://t.me/FilmHouseFilebot?start=BQADAQADgBYAArFaIUZPjHV7M5a7vBYE,,,,,,,,,,,,,,,,,,,,,,,,,,,,,,,,,,,,,,
Ms. Marvel (2022),92782-ms-marvel,tv,https://t.me/FilmHouseFilebot?start=BQADAQADbhYAArFaIUbnws6aiwH5KRYE,,,,,,,,,,,,,,,,,,,,,,,,,,,,,,,,,,,,,,,
Thor: Love and Thunder (2022),616037-thor-love-and-thunder,movie,https://t.me/FilmHouseFilebot?start=BQADAQADPRYAArFaIUaBrnVKRsFwrBYE,https://t.me/FilmHouseFilebot?start=BQADAQADPxYAArFaIUatMhG1HYD0zxYE,,,,,,,,,,,,,,,,,,,,,,,,,,,,,,,,,,,,,,
I Am Groot (2022),232125-i-am-groot,tv,https://t.me/FilmHouseFilebot?start=BQADAQADJxYAArFaIUal73-O0DX7fBYE,https://t.me/FilmHouseFilebot?start=BQADAQADKRYAArFaIUYJ4MY250iB1BYE,,,,,,,,,,,,,,,,,,,,,,,,,,,,,,,,,,,,,,
She-Hulk: Attorney at Law (2022),92783-she-hulk-attorney-at-law,tv,https://t.me/FilmHouseFilebot?start=BQADAQADIBYAArFaIUam_L4mKuCYVxYE,,,,,,,,,,,,,,,,,,,,,,,,,,,,,,,,,,,,,,,
Werewolf by Night (2022),894205-werewolf-by-night,movie,https://t.me/FilmHouseFilebot?start=BQADAQADFBYAArFaIUbTdXHd96NyIxYE,,,,,,,,,,,,,,,,,,,,,,,,,,,,,,,,,,,,,,,
Black Panther: Wakanda Forever (2022),505642-black-panther-wakanda-forever,movie,https://t.me/FilmHouseFilebot?start=BQADAQAD6xUAArFaIUbtpJsMdIv8SBYE,,,,,,,,,,,,,,,,,,,,,,,,,,,,,,,,,,,,,,,
The Guardians of the Galaxy Holiday Special (2022),774752-the-guardians-of-the-galaxy-holiday-special,movie,https://t.me/FilmHouseFilebot?start=BQADAQAD5BUAArFaIUYjsV8ToG_hpBYE,,,,,,,,,,,,,,,,,,,,,,,,,,,,,,,,,,,,,,,
Spider-Man: Across the Spider-Verse (2023),569094-spider-man-across-the-spider-verse,movie,https://t.me/FilmHouseFilebot?start=BQADAQADjRUAArFaIUZGiouhtPqz0hYE,https://t.me/FilmHouseFilebot?start=BQADAQADjhUAArFaIUbi5nXi8C0EWxYE,,,,,,,,,,,,,,,,,,,,,,,,,,,,,,,,,,,,,,
Secret Invasion (2023),114472-secret-invasion,tv,https://t.me/FilmHouseFilebot?start=BQADAQADdRUAArFaIUYoRWTjq0PD1hYE,,,,,,,,,,,,,,,,,,,,,,,,,,,,,,,,,,,,,,,
The Marvels (2023),609681-the-marvels,movie,https://t.me/FilmHouseFilebot?start=BQADAQADrhMAArFaIUbiBsPisn4IyxYE,,,,,,,,,,,,,,,,,,,,,,,,,,,,,,,,,,,,,,,
Marvel's Moon Girl and Devil Dinosaur (2023),92788-moon-girl-and-devil-dinosaur,tv,https://t.me/FilmHouseFilebot?start=BQADAQADnRMAArFaIUZ_JqP-_sW3GhYE,https://t.me/FilmHouseFilebot?start=BQADAQADqRMAArFaIUb5I5g3iEbDeRYE,,,,,,,,,,,,,,,,,,,,,,,,,,,,,,,,,,,,,,
Echo (2024),122226-echo,tv,https://t.me/FilmHouseFilebot?start=BQADAQADeRMAArFaIUZPemqeliV0bRYE,,,,,,,,,,,,,,,,,,,,,,,,,,,,,,,,,,,,,,,
Madame Web (2024),634492-madame-web,movie,https://t.me/FilmHouseFilebot?start=BQADAQADHBMAArFaIUZIqG12W03GcBYE,https://t.me/FilmHouseFilebot?start=BQADAQADHRMAArFaIUbwUvDrVEI-rhYE,,,,,,,,,,,,,,,,,,,,,,,,,,,,,,,,,,,,,,
Chasing Lullaby,1723743-chassing-lullaby,movie,https://t.me/FilmHouseFilebot?start=BQADAQADMhYAArFaKUbwTbCBtQobMBYE,,,,,,,,,,,,,,,,,,,,,,,,,,,,,,,,,,,,,,,
X-Men '97 (2024),138502-x-men-97,tv,https://t.me/FilmHouseFilebot?start=BQADAQADAhMAArFaIUYsrsdPbDy26RYE,,,,,,,,,,,,,,,,,,,,,,,,,,,,,,,,,,,,,,,
Thunderbolts* (2025),986056-thunderbolts,movie,https://t.me/FilmHouseFilebot?start=BQADAQAD0xEAArFaIUapSuu2vCliSxYE,,,,,,,,,,,,,,,,,,,,,,,,,,,,,,,,,,,,,,,
Agatha All Along (2024),138501-agatha-all-along,tv,https://t.me/FilmHouseFilebot?start=BQADAQADLhIAArFaIUZaGOzND-kr5BYE,,,,,,,,,,,,,,,,,,,,,,,,,,,,,,,,,,,,,,,
Venom: The Last Dance (2024),912649-venom-the-last-dance,movie,https://t.me/FilmHouseFilebot?start=BQADAQADKBIAArFaIUYP_eIecs3thxYE,,,,,,,,,,,,,,,,,,,,,,,,,,,,,,,,,,,,,,,
Kraven the Hunter (2024),539972-kraven-the-hunter,movie,https://t.me/FilmHouseFilebot?start=BQADAQADHRIAArFaIUbqtF48vq6ZqRYE,,,,,,,,,,,,,,,,,,,,,,,,,,,,,,,,,,,,,,,
Daredevil: Born Again (2025),202555-daredevil-born-again,tv,https://t.me/FilmHouseFilebot?start=BQADAQAD1REAArFaIUbA46HUyapdbxYE,https://t.me/FilmHouseFilebot?start=BQADAQAD2BEAArFaIUb4JaimqKeYqBYE,,,,,,,,,,,,,,,,,,,,,,,,,,,,,,,,,,,,,,
The Fantastic 4: First Steps (2025),617126-the-fantastic-4-first-steps,movie,https://t.me/FilmHouseFilebot?start=BQADAQADwBEAArFaIUYoxNBxVeObnhYE,,,,,,,,,,,,,,,,,,,,,,,,,,,,,,,,,,,,,,,
Ironheart (2025),114471-ironheart,tv,https://t.me/FilmHouseFilebot?start=BQADAQADvREAArFaIUY915KK0AmfrhYE,,,,,,,,,,,,,,,,,,,,,,,,,,,,,,,,,,,,,,,
Marvel Zombies (2025),138505-marvel-zombies,tv,https://t.me/FilmHouseFilebot?start=BQADAQADrBEAArFaIUZFQDiQcGhXmhYE,,,,,,,,,,,,,,,,,,,,,,,,,,,,,,,,,,,,,,,
Hawkeye (2021),88329-hawkeye,tv,https://t.me/FilmHouseFilebot?start=BQADAQADchEAArFaIUbIEt7H9gdNKBYE,,,,,,,,,,,,,,,,,,,,,,,,,,,,,,,,,,,,,,,
Wonder Man (2026),198178-wonder-man,tv,https://t.me/FilmHouseFilebot?start=BQADAQADjxEAArFaIUZGtcXcZP0jDBYE,,,,,,,,,,,,,,,,,,,,,,,,,,,,,,,,,,,,,,,
RANCOR,1723707-rancor,movie,https://t.me/FilmHouseFilebot?start=BQADAQADWBMAArFaIUZAxHw5tlhi_RYE,,,,,,,,,,,,,,,,,,,,,,,,,,,,,,,,,,,,,,,
LEAKED,1723689-leaked,movie,https://t.me/FilmHouseFilebot?start=BQADAQADfxIAArFaIUYKgg-YQ5mLahYE,,,,,,,,,,,,,,,,,,,,,,,,,,,,,,,,,,,,,,,
Burden Of Proof 2023,1723646-burden-of-proof,movie,https://t.me/FilmHouseFilebot?start=BQADAQADehQAArFaKUbCFGzJuPh1FBYE,,,,,,,,,,,,,,,,,,,,,,,,,,,,,,,,,,,,,,,
Georgie & Mandy's First Marriage,243875-georgie-mandy-s-first-marriage,tv,https://t.me/FilmHouseFilebot?start=BQADAQADuQkAAp3eOEYRuyg8YUtzRRYE,,,,,,,,,,,,,,,,,,,,,,,,,,,,,,,,,,,,,,,
Grind,219463-grind,tv,https://t.me/FilmHouseFilebot?start=BQADAQADuxEAAo_EuUUUrc51HjJQuhYE,,,,,,,,,,,,,,,,,,,,,,,,,,,,,,,,,,,,,,,
What Women Want,3981-what-women-want,movie,https://t.me/FilmHouseFilebot?start=BQADAQADQxEAAo_EuUXeWgfeXJJ2MRYE,,,,,,,,,,,,,,,,,,,,,,,,,,,,,,,,,,,,,,,
Blue Beetle,565770-blue-beetle,movie,https://t.me/FilmHouseFilebot?start=BQADAQADRxEAAo_EuUVwBlj5JfMOBRYE,https://t.me/FilmHouseFilebot?start=BQADAQADRREAAo_EuUWUDNGYrAfX9RYE,,,,,,,,,,,,,,,,,,,,,,,,,,,,,,,,,,,,,,
Sausage Party,223702-sausage-party,movie,https://t.me/FilmHouseFilebot?start=BQADAQADQhEAAo_EuUUvvYag8155nhYE,,,,,,,,,,,,,,,,,,,,,,,,,,,,,,,,,,,,,,,
Sausage Party: Foodtopia,213249-sausage-party-foodtopia,tv,https://t.me/FilmHouseFilebot?start=BQADAQADPBEAAo_EuUVz3OSSMMhTEBYE,https://t.me/FilmHouseFilebot?start=BQADAQADPhEAAo_EuUWcIw7AQ0fZDBYE,,,,,,,,,,,,,,,,,,,,,,,,,,,,,,,,,,,,,,
Your Friendly Neighborhood Spider-Man,138503-your-friendly-neighborhood-spider-man,tv,https://t.me/FilmHouseFilebot?start=BQADAQADGBIAArFaIUYq2asLr5d_ZRYE,,,,,,,,,,,,,,,,,,,,,,,,,,,,,,,,,,,,,,,
What If...?,91363-what-if,tv,https://t.me/FilmHouseFilebot?start=BQADAQADxA4AAgmjcES0aW1m-oSVvRYE,,,,,,,,,,,,,,,,,,,,,,,,,,,,,,,,,,,,,,,
Loki,84958-loki,tv,https://t.me/FilmHouseFilebot?start=BQADAQADcg4AAgmjcERMpprpHJHctxYE,https://t.me/FilmHouseFilebot?start=BQADAQADeQ4AAgmjcERmD-eZ7q4gzRYE,,,,,,,,,,,,,,,,,,,,,,,,,,,,,,,,,,,,,,
Supacell,158141-supacell,tv,https://t.me/FilmHouseFilebot?start=BQADAQADBg4AAgmjcEQUk4L6_ByBYE,,,,,,,,,,,,,,,,,,,,,,,,,,,,,,,,,,,,,,,
The Passion of the Christ,615-the-passion-of-the-christ,movie,https://t.me/FilmHouseFilebot?start=BQADAQADJRAAAu8X2EVQayvnMzhmMBYE,,,,,,,,,,,,,,,,,,,,,,,,,,,,,,,,,,,,,,,
The Last Supper,1380415-the-last-supper,movie,https://t.me/FilmHouseFilebot?start=BQADAQADMgUAAuYdIUSfGSh92230UxYE,,,,,,,,,,,,,,,,,,,,,,,,,,,,,,,,,,,,,,,
Moana,277834-moana,movie,https://t.me/FilmHouseFilebot?start=BQADAQADXREAAi85WUccXzLJvtRz_RYE,,,,,,,,,,,,,,,,,,,,,,,,,,,,,,,,,,,,,,,
Captain America: Brave New World,822119-captain-america-brave-new-world,movie,https://t.me/FilmHouseFilebot?start=BQADAQAD7BEAArFaIUanXyQqiBVfUhYE,https://t.me/FilmHouseFilebot?start=BQADAQAD7hEAArFaIUbHFI4DLoJYCRYE,,,,,,,,,,,,,,,,,,,,,,,,,,,,,,,,,,,,,,
The Day of the Jackal,222766-the-day-of-the-jackal,tv,https://t.me/FilmHouseFilebot?start=BQADAQAD1AgAAiXYYUUzyT6FYzarIhYE,,,,,,,,,,,,,,,,,,,,,,,,,,,,,,,,,,,,,,,
Henry Danger: The Movie,926670-henry-danger-the-movie,movie,https://t.me/FilmHouseFilebot?start=BQADAQADbgkAArlzWUXr-QYtRvyShRYE,https://t.me/FilmHouseFilebot?start=BQADAQAD0wgAAiXYYUVSFhwWnUh-_BYE,,,,,,,,,,,,,,,,,,,,,,,,,,,,,,,,,,,,,,
Squid Game,93405,tv,https://t.me/FilmHouseFilebot?start=BQADAQADuwQAAvSgAAFHCTig-vatfxcWBA,https://t.me/FilmHouseFilebot?start=BQADAQADaw8AAi-5cEd3p_kmt-9AjBYE,,,,,,,,,,,,,,,,,,,,,,,,,,,,,,,,,,,,,,
Squid Game: The Challenge,204082-squid-game-the-challenge,tv,https://t.me/+buByzJSLOUA0NWI0,,,,,,,,,,,,,,,,,,,,,,,,,,,,,,,,,,,,,,,
The Sex Lives of College Girls,134373-the-sex-lives-of-college-girls,tv,https://t.me/FilmHouseFilebot?start=BQADAQADvQcAAv8HgEacpnVXlhuFAhYE,https://t.me/FilmHouseFilebot?start=BQADAQADvwcAAv8HgEZrPhdaHxcLYBYE,https://t.me/FilmHouseFilebot?start=BQADAQADXhEAAo_EuUURxYqMb10dpRYE,,,,,,,,,,,,,,,,,,,,,,,,,,,,,,,,,,,,,
American Pie Presents: The Book of Love,26123-american-pie-presents-the-book-of-love,movie,https://t.me/FilmHouseFilebot?start=BQADAQAD_gQAAkADiEW8mSEnMS1H0RYE,,,,,,,,,,,,,,,,,,,,,,,,,,,,,,,,,,,,,,,
American Pie Presents: The Naked Mile,8275-american-pie-presents-the-naked-mile,movie,https://t.me/FilmHouseFilebot?start=BQADAQAD_AQAAkADiEXW9sdzkxnWghYE,,,,,,,,,,,,,,,,,,,,,,,,,,,,,,,,,,,,,,,
The Fresh Prince of Bel-Air,1892-the-fresh-prince-of-bel-air,tv,https://t.me/FilmHouseFilebot?start=BQADAQADjg4AAoywoEYxIkiDiThCFhYE,https://t.me/FilmHouseFilebot?start=BQADAQADkg4AAoywoEb4ir-C-VQO0hYE,https://t.me/FilmHouseFilebot?start=BQADAQADlQ4AAoywoEa7Y3QVTBBDwRYE,https://t.me/FilmHouseFilebot?start=BQADAQADlg4AAoywoEa5OITr-6tLhhYE,https://t.me/FilmHouseFilebot?start=BQADAQADmg4AAoywoEb7Qd-usNGlPBYE,https://t.me/FilmHouseFilebot?start=BQADAQADmw4AAoywoEZ7aMlErHBZnhYE,,,,,,,,,,,,,,,,,,,,,,,,,,,,,,,,,,
Avatar: The Last Airbender,246-avatar-the-last-airbender,tv,https://t.me/FilmHouseFilebot?start=BQADAQADQQsAAgiQKEScndJgpO0fsBYE,https://t.me/FilmHouseFilebot?start=BQADAQADRQsAAgiQKETEFevhST19sRYE,https://t.me/FilmHouseFilebot?start=BQADAQADRwsAAgiQKETrfsE8S2vjAhYE,,,,,,,,,,,,,,,,,,,,,,,,,,,,,,,,,,,,,
American Pie Presents: Girls' Rules,660982-american-pie-presents-girls-rules,movie,https://t.me/FilmHouseFilebot?start=BQADAQADBQUAAkADiEXhYsg5Ii19OBYE,,,,,,,,,,,,,,,,,,,,,,,,,,,,,,,,,,,,,,,
Hole in One,45781-hole-in-one,movie,https://t.me/FilmHouseFilebot?start=BQADAQADAwUAAkADiEXY_AIiLp_2FRYE,,,,,,,,,,,,,,,,,,,,,,,,,,,,,,,,,,,,,,,
All American: Homecoming,153723-all-american-homecoming,tv,https://t.me/FilmHouseFilebot?start=BQADAQADWQQAAgiQMEQzhC66CjYYaBYE,https://t.me/FilmHouseFilebot?start=BQADAQADWgQAAgiQMESk_WiKmYhY8hYE,,,,,,,,,,,,,,,,,,,,,,,,,,,,,,,,,,,,,,
American Pie Presents: Beta House,8277-american-pie-presents-beta-house,movie,https://t.me/FilmHouseFilebot?start=BQADAQAD_QQAAkADiEUjY4DKsCqPdhYE,,,,,,,,,,,,,,,,,,,,,,,,,,,,,,,,,,,,,,,
American Pie Presents: Band Camp,8274-american-pie-presents-band-camp,movie,https://t.me/FilmHouseFilebot?start=BQADAQAD-wQAAkADiEV2PbuR2v3pDxYE,,,,,,,,,,,,,,,,,,,,,,,,,,,,,,,,,,,,,,,
Deadpool & Wolverine,533535-deadpool-wolverine,movie,https://t.me/FilmHouseFilebot?start=BQADAQADMRIAArFaIUZblkC0u9Mz2BYE,https://t.me/FilmHouseFilebot?start=BQADAQADMxIAArFaIUYtLiDTGEja3BYE,,,,,,,,,,,,,,,,,,,,,,,,,,,,,,,,,,,,,,
American Reunion,71552-american-reunion,movie,https://t.me/FilmHouseFilebot?start=BQADAQADBQQAAr7JgUUK2rsjiehanxYE,,,,,,,,,,,,,,,,,,,,,,,,,,,,,,,,,,,,,,,
American Wedding,8273-american-wedding,movie,https://t.me/FilmHouseFilebot?start=BQADAQADKQUAAkADiEWbo4xfv4cipxYE,,,,,,,,,,,,,,,,,,,,,,,,,,,,,,,,,,,,,,,
Fifty Shades of Grey,216015-fifty-shades-of-grey,movie,https://t.me/FilmHouseFilebot?start=BQADAQADWQ4AAoywoEajoU0_XxGNdRYE,,,,,,,,,,,,,,,,,,,,,,,,,,,,,,,,,,,,,,,
Fifty Shades Darker,341174-fifty-shades-darker,movie,https://t.me/FilmHouseFilebot?start=BQADAQADWw4AAoywoEYOlFzIwvvS4hYE,,,,,,,,,,,,,,,,,,,,,,,,,,,,,,,,,,,,,,,
Fifty Shades Freed,337167-fifty-shades-freed,movie,https://t.me/FilmHouseFilebot?start=BQADAQADXA4AAoywoEYmuqFuaVnp1xYE,,,,,,,,,,,,,,,,,,,,,,,,,,,,,,,,,,,,,,,
Dead Boy Detectives,132750-dead-boy-detectives,tv,https://t.me/FilmHouseFilebot?start=BQADAQADjhcAAkKtqEVGsxsWjB5H0RYE,,,,,,,,,,,,,,,,,,,,,,,,,,,,,,,,,,,,,,,
After,537915-after,movie,https://t.me/FilmHouseFilebot?start=BQADAQADQhkAAkKtqEWEfD9jeCUimhYE,,,,,,,,,,,,,,,,,,,,,,,,,,,,,,,,,,,,,,,
After We Fell,744275-after-we-fell,movie,https://t.me/FilmHouseFilebot?start=BQADAQADShkAAkKtqEWclArAfbdXmxYE,,,,,,,,,,,,,,,,,,,,,,,,,,,,,,,,,,,,,,,
After We Collided,613504-after-we-collided,movie,https://t.me/FilmHouseFilebot?start=BQADAQADRRkAAkKtqEWXU-NeWPiOQxYE,,,,,,,,,,,,,,,,,,,,,,,,,,,,,,,,,,,,,,,
After Ever Happy,744276-after-ever-happy,movie,https://t.me/FilmHouseFilebot?start=BQADAQADSxkAAkKtqEXr6QISvKXG2BYE,,,,,,,,,,,,,,,,,,,,,,,,,,,,,,,,,,,,,,,
After Everything,820525-after-everything,movie,https://t.me/FilmHouseFilebot?start=BQADAQADTxkAAkKtqEXXJ4mWUmS_-BYE,https://t.me/FilmHouseFilebot?start=BQADAQADTBkAAkKtqEVgZbp-VMHUbBYE,,,,,,,,,,,,,,,,,,,,,,,,,,,,,,,,,,,,,,
Everything Sucks!,76438-everything-sucks,tv,https://t.me/FilmHouseFilebot?start=BQADAQADRgYAAux2OUSZrs7ZOZcOrhYE,,,,,,,,,,,,,,,,,,,,,,,,,,,,,,,,,,,,,,,
Blood and Water,64641-blood-and-water,tv,https://t.me/FilmHouseFilebot?start=BQADAQADbxcAAkKtqEUpWXv5LvR0OBYE,https://t.me/FilmHouseFilebot?start=BQADAQADLwQAApi0qEUh7fRK9ReuYRYE,https://t.me/FilmHouseFilebot?start=BQADAQADdhcAAkKtqEXg0iUm11W-mBYE,,,,,,,,,,,,,,,,,,,,,,,,,,,,,,,,,,,,,
Every Witch Way,60998-every-witch-way,tv,https://t.me/+cJUgTGPMeXoyM2Nk,,,,,,,,,,,,,,,,,,,,,,,,,,,,,,,,,,,,,,,
House of the Dragon,94997-house-of-the-dragon,tv,https://t.me/FilmHouseFilebot?start=BQADAQADRgoAArCt0UUhqaSHiqNxHBYE,https://t.me/+buByzJSLOUA0NWI0,,,,,,,,,,,,,,,,,,,,,,,,,,,,,,,,,,,,,,
Queen Charlotte: A Bridgerton Story,196454-queen-charlotte-a-bridgerton-story,tv,https://t.me/FilmHouseFilebot?start=BQADAQADxAoAApMnOEb6IcFyjGyPQBYE,,,,,,,,,,,,,,,,,,,,,,,,,,,,,,,,,,,,,,,
13 Reasons Why,66788-13-reasons-why,tv,https://t.me/FilmHouseFilebot?start=BQADAQADIgUAAux2OUS9oLphBgwp0RYE,https://t.me/FilmHouseFilebot?start=BQADAQADJAUAAux2OUQdZJwHZxSDuBYE,https://t.me/FilmHouseFilebot?start=BQADAQADKAUAAux2OUTMJ9AUcvVYnBYE,https://t.me/FilmHouseFilebot?start=BQADAQADKwUAAux2OURQ1nY3XwpPRBYE,,,,,,,,,,,,,,,,,,,,,,,,,,,,,,,,,,,,
American Pie,2105-american-pie,movie,https://t.me/FilmHouseFilebot?start=BQADAQAD-QQAAkADiEVr2rTe_yoI3xYE,,,,,,,,,,,,,,,,,,,,,,,,,,,,,,,,,,,,,,,
American Pie 2,2770-american-pie-2,movie,https://t.me/FilmHouseFilebot?start=BQADAQAD-gQAAkADiEXELcLXYOil7xYE,,,,,,,,,,,,,,,,,,,,,,,,,,,,,,,,,,,,,,,
Disenchantment,73021-disenchantment,tv,https://t.me/FilmHouseFilebot?start=BQADAQADCgcAAoDV8EdG8J9GFz-VrRYE,https://t.me/FilmHouseFilebot?start=BQADAQADDwcAAoDV8EdVjyo6a9inixYE,https://t.me/FilmHouseFilebot?start=BQADAQADEQcAAoDV8Ef64EaZ329ZnhYE,https://t.me/FilmHouseFilebot?start=BQADAQADFAcAAoDV8EdQ-QqWLb7cHxYE,https://t.me/FilmHouseFilebot?start=BQADAQADGwcAAoDV8EekOSzzSKVJFBYE,,,,,,,,,,,,,,,,,,,,,,,,,,,,,,,,,,,
Drake & Josh,2038-drake-josh,tv,https://t.me/+cJUgTGPMeXoyM2Nk,,,,,,,,,,,,,,,,,,,,,,,,,,,,,,,,,,,,,,,
Airplane Mode,550115-airplane-mode,movie,https://t.me/FilmHouseFilebot?start=BQADAQADkBgAAkKtqEVlaPSWHoP1hhYE,,,,,,,,,,,,,,,,,,,,,,,,,,,,,,,,,,,,,,,
Chucky,90462-chucky,tv,https://t.me/FilmHouseFilebot?start=BQADAQADvQUAAkmBwERtVHSh7OJIGxYE,https://t.me/FilmHouseFilebot?start=BQADAQADvwUAAkmBwESz2wN9wpRISxYE,https://t.me/+buByzJSLOUA0NWI0,,,,,,,,,,,,,,,,,,,,,,,,,,,,,,,,,,,,,
The Casagrandes,93260-the-casagrandes,tv,https://t.me/FilmHouseFilebot?start=BQADAQADrQYAAmMP-EXX3VAUnz6BfRYE,,,,,,,,,,,,,,,,,,,,,,,,,,,,,,,,,,,,,,,
Child's Play,10585-child-s-play,movie,https://t.me/FilmHouseFilebot?start=BQADAQADqQUAAkmBwERZMtQgg68ZVRYE,,,,,,,,,,,,,,,,,,,,,,,,,,,,,,,,,,,,,,,
Child's Play 2,11186-child-s-play-2,movie,https://t.me/FilmHouseFilebot?start=BQADAQADrAUAAkmBwERj0rtNCMmeKhYE,,,,,,,,,,,,,,,,,,,,,,,,,,,,,,,,,,,,,,,
Child's Play 3,11187-child-s-play-3,movie,https://t.me/FilmHouseFilebot?start=BQADAQADrgUAAkmBwETDo_SlSdfPWxYE,,,,,,,,,,,,,,,,,,,,,,,,,,,,,,,,,,,,,,,
Bride of Chucky,11932-bride-of-chucky,movie,https://t.me/FilmHouseFilebot?start=BQADAQADrwUAAkmBwESeC5FDhH-_PBYE,,,,,,,,,,,,,,,,,,,,,,,,,,,,,,,,,,,,,,,
Seed of Chucky,11249-seed-of-chucky,movie,https://t.me/FilmHouseFilebot?start=BQADAQADEQMAAgJtwEThETsvFD8HDRYE,,,,,,,,,,,,,,,,,,,,,,,,,,,,,,,,,,,,,,,
Curse of Chucky,167032-curse-of-chucky,movie,https://t.me/FilmHouseFilebot?start=BQADAQADsAUAAkmBwESUc5TgelYMLhYE,,,,,,,,,,,,,,,,,,,,,,,,,,,,,,,,,,,,,,,
Cult of Chucky,393345-cult-of-chucky,movie,https://t.me/FilmHouseFilebot?start=BQADAQADsQUAAkmBwEShB4wKt8B5TBYE,,,,,,,,,,,,,,,,,,,,,,,,,,,,,,,,,,,,,,,
Child's Play,533642-child-s-play,movie,https://t.me/FilmHouseFilebot?start=BQADAQADsgUAAkmBwESa2JTpUQg71BYE,,,,,,,,,,,,,,,,,,,,,,,,,,,,,,,,,,,,,,,
Warrior Nun,87689-warrior-nun,tv,https://t.me/FilmHouseFilebot?start=BQADAQADHgUAAjHwGEcifF7NCtme1xYE,https://t.me/FilmHouseFilebot?start=BQADAQADIQUAAjHwGEchajgECjFcMxYE,,,,,,,,,,,,,,,,,,,,,,,,,,,,,,,,,,,,,,
Bridgerton,91239-bridgerton,tv,https://t.me/FilmHouseFilebot?start=BQADAQADtQoAApMnOEZPHMP6lq5YKBYE,https://t.me/FilmHouseFilebot?start=BQADAQADtwoAApMnOEbu4rTarMxwGxYE,https://t.me/+f2bSAcXJDCpmNGJk,,,,,,,,,,,,,,,,,,,,,,,,,,,,,,,,,,,,,
Angels' Brigade,31251-victorious,movie,https://t.me/+cJUgTGPMeXoyM2Nk,,,,,,,,,,,,,,,,,,,,,,,,,,,,,,,,,,,,,,,
Carrossel,46150-carrossel,tv,https://t.me/carrosselseries,,,,,,,,,,,,,,,,,,,,,,,,,,,,,,,,,,,,,,,
Marvel's Daredevil,61889-marvel-s-daredevil,tv,https://t.me/FilmHouseFilebot?start=BQADAQADhwoAAkADgEXNJWMQM9UuPhYE,https://t.me/FilmHouseFilebot?start=BQADAQADjQoAAkADgEVzIYSehnMKLRYE,https://t.me/FilmHouseFilebot?start=BQADAQADkAoAAkADgEV-v3OiRJpiShYE,,,,,,,,,,,,,,,,,,,,,,,,,,,,,,,,,,,,,
Daredevil,9480-daredevil,movie,https://t.me/FilmHouseFilebot?start=BQADAQAD7AoAAkADgEU902B3YHgMpBYE,,,,,,,,,,,,,,,,,,,,,,,,,,,,,,,,,,,,,,,
Wednesday,119051-wednesday,tv,https://t.me/FilmHouseFilebot?start=BQADAQADHggAAka6CUTPqNfxJS4nJBYE,,,,,,,,,,,,,,,,,,,,,,,,,,,,,,,,,,,,,,,
Euphoria,85552-euphoria,tv,https://t.me/FilmHouseFilebot?start=BQADAQAD6gQAAkADiEUFc7DUzvXnAAEWBA,https://t.me/FilmHouseFilebot?start=BQADAQAD7gQAAkADiEVOwJJngnuZHRYE,,,,,,,,,,,,,,,,,,,,,,,,,,,,,,,,,,,,,,
"XO, Kitty",195670-xo-kitty,tv,https://t.me/FilmHouseFilebot?start=BQADAQADiQQAArvuOUdOg1iYRsGOeRYE,,,,,,,,,,,,,,,,,,,,,,,,,,,,,,,,,,,,,,,
Zoey 101,1778-zoey-101,tv,https://t.me/+cJUgTGPMeXoyM2Nk,,,,,,,,,,,,,,,,,,,,,,,,,,,,,,,,,,,,,,,
Bel-Air,107365-bel-air,tv,https://t.me/FilmHouseFilebot?start=BQADAQAD0wQAAhZJEUfXwGRCRS6h8xYE,https://t.me/FilmHouseFilebot?start=BQADAQAD1AQAAhZJEUeN3YpD9f2wBxYE,https://t.me/FilmHouseFilebot?start=BQADAQADmQQAAvt7aEanS8iWvp_FlRYE,,,,,,,,,,,,,,,,,,,,,,,,,,,,,,,,,,,,,
Baymax!,114466-baymax,tv,https://t.me/FilmHouseFilebot?start=BQADAQADRAoAAkADgEWmzX1qDAWafhYE,,,,,,,,,,,,,,,,,,,,,,,,,,,,,,,,,,,,,,,
Empire,61733-empire,tv,https://t.me/FilmHouseFilebot?start=BQADAQAD5wQAAux2OUR1SfkF8SdOvRYE,https://t.me/FilmHouseFilebot?start=BQADAQAD6gQAAux2OUSiBpMdrSvGfBYE,https://t.me/FilmHouseFilebot?start=BQADAQAD7gQAAux2OUT86LXtasl-YxYE,https://t.me/FilmHouseFilebot?start=BQADAQADDAUAAux2OUT5WiupmlpRXhYE,https://t.me/FilmHouseFilebot?start=BQADAQADDgUAAux2OUTaxsQ2sVjDKxYE,https://t.me/FilmHouseFilebot?start=BQADAQADDwUAAux2OUQEvLYubsQolhYE,,,,,,,,,,,,,,,,,,,,,,,,,,,,,,,,,,
Annie,15739-annie,movie,https://t.me/FilmHouseFilebot?start=BQADAQADghgAAkKtqEUsP7xxHATU0xYE,,,,,,,,,,,,,,,,,,,,,,,,,,,,,,,,,,,,,,,
Annie,196867-annie,movie,https://t.me/FilmHouseFilebot?start=BQADAQADgxgAAkKtqEXXYCvuSH9B3xYE,,,,,,,,,,,,,,,,,,,,,,,,,,,,,,,,,,,,,,,
Creed,312221-creed,movie,https://t.me/FilmHouseFilebot?start=BQADAQADXxgAAkKtqEV61YyYtxvb5BYE,,,,,,,,,,,,,,,,,,,,,,,,,,,,,,,,,,,,,,,
Creed II,480530-creed-ii,movie,https://t.me/FilmHouseFilebot?start=BQADAQADYRgAAkKtqEX2SnU2fm1E7xYE,,,,,,,,,,,,,,,,,,,,,,,,,,,,,,,,,,,,,,,
Creed III,677179-creed-iii,movie,https://t.me/FilmHouseFilebot?start=BQADAQADYxgAAkKtqEXT48Jh_pCVvBYE,,,,,,,,,,,,,,,,,,,,,,,,,,,,,,,,,,,,,,,
YOLO,97057-yolo-tv-series-ghana,tv,https://t.me/FilmHouseFilebot?start=BQADAQADuwMAAsvIMUZKG4QODm2_nxYE,https://t.me/FilmHouseFilebot?start=BQADAQAD1wMAAsvIMUazRZ4NmVcX1RYE,https://t.me/FilmHouseFilebot?start=BQADAQAD2QMAAsvIMUYadh-H-mIgUxYE,https://t.me/FilmHouseFilebot?start=BQADAQAD2wMAAsvIMUZnMTs5V82eNhYE,https://t.me/FilmHouseFilebot?start=BQADAQAD3wMAAsvIMUb31zkzSm3bGxYE,https://t.me/FilmHouseFilebot?start=BQADAQADMAsAAtuCQEYB6OqD37FvDxYE,https://t.me/FilmHouseFilebot?start=BQADAQADYw8AAh50AAFGKjUibLugm24WBA,,,,,,,,,,,,,,,,,,,,,,,,,,,,,,,,,
You,78191-you,tv,https://t.me/FilmHouseFilebot?start=BQADAQADLAoAAkADgEW-CI-tAY5pRxYE,https://t.me/FilmHouseFilebot?start=BQADAQADLQoAAkADgEXONvx-ZwjIsxYE,https://t.me/FilmHouseFilebot?start=BQADAQADLgoAAkADgEXaniwMR0vO2xYE,https://t.me/FilmHouseFilebot?start=BQADAQADMgoAAkADgEVW3M3v1nA0phYE,,,,,,,,,,,,,,,,,,,,,,,,,,,,,,,,,,,,
The Legend of Korra,33880-the-legend-of-korra,tv,https://t.me/FilmHouseFilebot?start=BQADAQADTQsAAgiQKETImQLfi3TjrhYE,https://t.me/FilmHouseFilebot?start=BQADAQADUAsAAgiQKEQ1-X2UVOZ5pxYE,https://t.me/FilmHouseFilebot?start=BQADAQADUQsAAgiQKERmU6O_focegBYE,https://t.me/FilmHouseFilebot?start=BQADAQADUgsAAgiQKERKUHWN_5TJPhYE,,,,,,,,,,,,,,,,,,,,,,,,,,,,,,,,,,,,
The Umbrella Academy,75006-umbrella-academy,tv,https://t.me/FilmHouseFilebot?start=BQADAQAD8AYAAh55yUUjzWjoGWmXxBYE,https://t.me/FilmHouseFilebot?start=BQADAQAD0QUAAuaSwUVNy-fYvyf6NhYE,https://t.me/FilmHouseFilebot?start=BQADAQAD-AYAAh55yUUAAYiBL8RjUygWBA,https://t.me/FilmHouseFilebot?start=BQADAQAEBwACHnnJRRFG5KK00XhnFgQ,,,,,,,,,,,,,,,,,,,,,,,,,,,,,,,,,,,,
All American,82428-all-american,tv,https://t.me/FilmHouseFilebot?start=BQADAQADVA8AAgiQKETmC9JqwRuhTBYE,https://t.me/FilmHouseFilebot?start=BQADAQADNwQAAgiQMER8mcjQ28_DuhYE,https://t.me/FilmHouseFilebot?start=BQADAQADOAQAAgiQMEQanB1xm3YREBYE,https://t.me/FilmHouseFilebot?start=BQADAQADOQQAAgiQMERWMp_GRgPVNxYE,https://t.me/FilmHouseFilebot?start=BQADAQADgwQAAgiQMEQ7N3K6F9_g0RYE,,,,,,,,,,,,,,,,,,,,,,,,,,,,,,,,,,,
The Fairly OddParents,4630-the-fairly-oddparents,tv,https://t.me/FilmHouseFilebot?start=BQADAQAD9AQAAsvF-EVkNJ_srqPP_hYE,https://t.me/FilmHouseFilebot?start=BQADAQADCQUAAsvF-EWs1CsLLqD4RhYE,https://t.me/FilmHouseFilebot?start=BQADAQADDAUAAsvF-EWjyBcUWmqBTxYE,https://t.me/FilmHouseFilebot?start=BQADAQADDQUAAsvF-EU7_CbgxE4HfRYE,https://t.me/FilmHouseFilebot?start=BQADAQADDwUAAsvF-EURVarhagz0lxYE,https://t.me/FilmHouseFilebot?start=BQADAQADEQUAAsvF-EW3AuHwDKlhWBYE,https://t.me/FilmHouseFilebot?start=BQADAQADEwUAAsvF-EUbT2m3QowDcxYE,https://t.me/FilmHouseFilebot?start=BQADAQADFQUAAsvF-EUXAAGfksiu4G8WBA,https://t.me/FilmHouseFilebot?start=BQADAQADFgUAAsvF-EVcxGUQjVw9oxYE,https://t.me/FilmHouseFilebot?start=BQADAQADFgUAAsvF-EVcxGUQjVw9oxYE,,,,,,,,,,,,,,,,,,,,,,,,,,,,,,
Fallout,106379-fallout,tv,https://t.me/FilmHouseFilebot?start=BQADAQADWAQAApi0qEXDThlb8jLh2RYE,,,,,,,,,,,,,,,,,,,,,,,,,,,,,,,,,,,,,,,
Fatal Seduction,227975-fatal-seduction,tv,https://t.me/FilmHouseFilebot?start=BQADAQAD8QsAAgiQKETeucjWw3FwfxYE,,,,,,,,,,,,,,,,,,,,,,,,,,,,,,,,,,,,,,,
Freeridge,136394-freeridge,tv,https://t.me/FilmHouseFilebot?start=BQADAQAD3wQAAkADiEW8rwjcD6WCYBYE,,,,,,,,,,,,,,,,,,,,,,,,,,,,,,,,,,,,,,,
Friends: The Reunion,691179-friends-the-reunion,movie,https://t.me/FilmHouseFilebot?start=BQADAQAD4BIAAlvUIUQghvl0HV8GBxYE,,,,,,,,,,,,,,,,,,,,,,,,,,,,,,,,,,,,,,,
Game Shakers,64264-game-shakers,tv,https://t.me/+cJUgTGPMeXoyM2Nk,,,,,,,,,,,,,,,,,,,,,,,,,,,,,,,,,,,,,,,
Gen V,205715-gen-v,tv,https://t.me/FilmHouseFilebot?start=BQADAQADHAoAAt0TaUYURiKK3i37_hYE,,,,,,,,,,,,,,,,,,,,,,,,,,,,,,,,,,,,,,,
Gravity Falls,40075-gravity-falls,tv,https://t.me/FilmHouseFilebot?start=BQADAQADCwcAAmMP-EU7eNdpPMboqRYE,https://t.me/FilmHouseFilebot?start=BQADAQADDAcAAmMP-EVV8p80jlc1qhYE,https://t.me/FilmHouseFilebot?start=BQADAQADDQcAAmMP-EXNGe8WcEXOVxYE,,,,,,,,,,,,,,,,,,,,,,,,,,,,,,,,,,,,,
Heartbreak High,158154-heartbreak-high,tv,https://t.me/FilmHouseFilebot?start=BQADAQAD9xcAAkKtqEUwnUmKkbcKNBYE,https://t.me/FilmHouseFilebot?start=BQADAQAD-xcAAkKtqEUnJcs8YU_fqxYE,,,,,,,,,,,,,,,,,,,,,,,,,,,,,,,,,,,,,,
Henry Danger,61852-henry-danger,tv,https://t.me/+cJUgTGPMeXoyM2Nk,,,,,,,,,,,,,,,,,,,,,,,,,,,,,,,,,,,,,,,
How I Met Your Mother,1100-how-i-met-your-mother,tv,https://t.me/FilmHouseFilebot?start=BQADAQADtwQAAu61cETBMMrm2srXNRYE,https://t.me/FilmHouseFilebot?start=BQADAQADuQQAAu61cERtR_iv3R3lBBYE,https://t.me/FilmHouseFilebot?start=BQADAQADvQQAAu61cETzXWZslK4tPBYE,https://t.me/FilmHouseFilebot?start=BQADAQADwAQAAu61cESBFlb-9XnrORYE,https://t.me/FilmHouseFilebot?start=BQADAQADwQQAAu61cETNws0425_TKhYE,https://t.me/FilmHouseFilebot?start=BQADAQADxAQAAu61cESXKP-a_8S-1BYE,https://t.me/FilmHouseFilebot?start=BQADAQADxgQAAu61cEQO2gbnv-cfhBYE,https://t.me/FilmHouseFilebot?start=BQADAQADzwQAAu61cESG9_SkDBbqbhYE,https://t.me/FilmHouseFilebot?start=BQADAQAD1AQAAu61cESuSueCFwjAUxYE,,,,,,,,,,,,,,,,,,,,,,,,,,,,,,,
I Am Frankie,73698-i-am-frankie,tv,https://t.me/FilmHouseFilebot?start=BQADAQADYw4AAoywoEaerQyr10VLvBYE,https://t.me/FilmHouseFilebot?start=BQADAQADZQ4AAoywoEYGhD-O52-UqBYE,,,,,,,,,,,,,,,,,,,,,,,,,,,,,,,,,,,,,,
iCarly,5371-icarly,tv,https://t.me/+cJUgTGPMeXoyM2Nk,,,,,,,,,,,,,,,,,,,,,,,,,,,,,,,,,,,,,,,
Marvel's Iron Fist,62127-marvel-s-iron-fist,tv,https://t.me/FilmHouseFilebot?start=BQADAQADlwoAAkADgEWSbuTBbKcEphYE,https://t.me/FilmHouseFilebot?start=BQADAQADmQoAAkADgEUU3QLPP3tMKBYE,,,,,,,,,,,,,,,,,,,,,,,,,,,,,,,,,,,,,,
Jessie,38974-jessie,tv,https://t.me/+cJUgTGPMeXoyM2Nk,,,,,,,,,,,,,,,,,,,,,,,,,,,,,,,,,,,,,,,
Kung Fu Panda: The Dragon Knight,129959-kung-fu-panda-the-dragon-knight,tv,https://t.me/FilmHouseFilebot?start=BQADAQADIQcAAoDV8EcZKJgQRQoT4hYE,https://t.me/FilmHouseFilebot?start=BQADAQADKAcAAoDV8Edikmm0wf6ekxYE,https://t.me/FilmHouseFilebot?start=BQADAQADfgcAAoDV-EfOBEeZswltORYE,,,,,,,,,,,,,,,,,,,,,,,,,,,,,,,,,,,,,
Money Heist,71446-la-casa-de-papel,tv,https://t.me/FilmHouseFilebot?start=BQADAQADkwYAAnSQ2EUwyUjRFLiSLhYE,https://t.me/FilmHouseFilebot?start=BQADAQADmQYAAnSQ2EVEfyRL4hpBmhYE,https://t.me/FilmHouseFilebot?start=BQADAQADngYAAnSQ2EWulvQNw9bKBRYE,https://t.me/FilmHouseFilebot?start=BQADAQADowYAAnSQ2EVIAcOnRKTIzRYE,https://t.me/FilmHouseFilebot?start=BQADAQADpAYAAnSQ2EWYYh6NtaWodRYE,,,,,,,,,,,,,,,,,,,,,,,,,,,,,,,,,,,
Locke & Key,86423-locke-key,tv,https://t.me/FilmHouseFilebot?start=BQADAQADdgoAAt1EmUWKcSjGZjdZehYE,https://t.me/FilmHouseFilebot?start=BQADAQADdwoAAt1EmUXt4ISHHhH6mRYE,https://t.me/FilmHouseFilebot?start=BQADAQADeQoAAt1EmUXfFAq38fjLVRYE,,,,,,,,,,,,,,,,,,,,,,,,,,,,,,,,,,,,,
The Loud House,68073-the-loud-house,tv,https://t.me/FilmHouseFilebot?start=BQADAQAD5gwAAgiQKEREfEtucKBUbxYE,https://t.me/FilmHouseFilebot?start=BQADAQAD6QwAAgiQKETJMybp6prMyxYE,https://t.me/FilmHouseFilebot?start=BQADAQAD6gwAAgiQKERtoyriueKi4xYE,,,,,,,,,,,,,,,,,,,,,,,,,,,,,,,,,,,,,
A Loud House Christmas,674610-a-loud-house-christmas,movie,https://t.me/FilmHouseFilebot?start=BQADAQADbQQAAgiQMEQGxafQ2MdSchYE,,,,,,,,,,,,,,,,,,,,,,,,,,,,,,,,,,,,,,,
The Loud House Movie,410113-the-loud-house-movie,movie,https://t.me/FilmHouseFilebot?start=BQADAQADbgQAAgiQMESs-7fgpn5V9xYE,,,,,,,,,,,,,,,,,,,,,,,,,,,,,,,,,,,,,,,
Lupin,96677-lupin,tv,https://t.me/FilmHouseFilebot?start=BQADAQADMQgAAka6CUQaznRRONLYuBYE,https://t.me/FilmHouseFilebot?start=BQADAQADNAgAAka6CUQiTdkalYzqGxYE,https://t.me/FilmHouseFilebot?start=BQADAQADOAgAAka6CURztvLGSoJjoBYE,,,,,,,,,,,,,,,,,,,,,,,,,,,,,,,,,,,,,
Matilda,10830-matilda,movie,https://t.me/FilmHouseFilebot?start=BQADAQADkRgAAkKtqEWqA0ctb4pM3RYE,,,,,,,,,,,,,,,,,,,,,,,,,,,,,,,,,,,,,,,
Roald Dahl's Matilda the Musical,668482-roald-dahl-s-matilda-the-musical,movie,https://t.me/FilmHouseFilebot?start=BQADAQADlBgAAkKtqEWQXpa_OLpzCxYE,https://t.me/FilmHouseFilebot?start=BQADAQADkhgAAkKtqEWKm9BwbWP5OhYE,,,,,,,,,,,,,,,,,,,,,,,,,,,,,,,,,,,,,,
Merlin,7225-merlin,tv,https://t.me/FilmHouseFilebot?start=BQADAQADNwoAAkADgEXE84ugeQXjdxYE,https://t.me/FilmHouseFilebot?start=BQADAQADOAoAAkADgEUFVhSZy-pythYE,https://t.me/FilmHouseFilebot?start=BQADAQADOgoAAkADgEU-CLjokHsvwxYE,https://t.me/FilmHouseFilebot?start=BQADAQADPgoAAkADgEXVAzOkY_D0axYE,https://t.me/FilmHouseFilebot?start=BQADAQADQAoAAkADgEXLpF_1-ZMa_xYE,,,,,,,,,,,,,,,,,,,,,,,,,,,,,,,,,,,
My Adventures with Superman,125928-my-adventures-with-superman,tv,https://t.me/FilmHouseFilebot?start=BQADAQADIAQAAvTpGUd0FCBLBdd3YRYE,,,,,,,,,,,,,,,,,,,,,,,,,,,,,,,,,,,,,,,
Never Have I Ever,100883-never-have-i-ever,tv,https://t.me/FilmHouseFilebot?start=BQADAQADQQ4AAlvUGUTufAd7AizbjRYE,https://t.me/FilmHouseFilebot?start=BQADAQADQg4AAlvUGUS2OSHi7KYxRxYE,https://t.me/FilmHouseFilebot?start=BQADAQADTg4AAlvUGUR3d-vSCJIC4hYE,https://t.me/FilmHouseFilebot?start=BQADAQADUA4AAlvUGUT-dDwPAVAbnhYE,,,,,,,,,,,,,,,,,,,,,,,,,,,,,,,,,,,,
"Nicky, Ricky, Dicky & Dawn",61854-nicky-ricky-dicky-dawn,tv,https://t.me/+cJUgTGPMeXoyM2Nk,,,,,,,,,,,,,,,,,,,,,,,,,,,,,,,,,,,,,,,
Not Another Teen Movie,11397-not-another-teen-movie,movie,https://t.me/FilmHouseFilebot?start=BQADAQADUQUAAkADiEVYmmPF7tfjUhYE,,,,,,,,,,,,,,,,,,,,,,,,,,,,,,,,,,,,,,,
On My Block,76747-on-my-block,tv,https://t.me/FilmHouseFilebot?start=BQADAQADigYAAux2OUS4mEVdc69h0xYE,https://t.me/FilmHouseFilebot?start=BQADAQADjgYAAux2OUQpY_gdqQ2kixYE,https://t.me/FilmHouseFilebot?start=BQADAQADkQYAAux2OURaK7HQVju5ahYE,https://t.me/FilmHouseFilebot?start=BQADAQADlAYAAux2OUQSRcQaAAH2oecWBA,,,,,,,,,,,,,,,,,,,,,,,,,,,,,,,,,,,,
One of Us Is Lying,118958-one-of-us-is-lying,tv,https://t.me/FilmHouseFilebot?start=BQADAQADEAUAAvt7aEbRZVt48aaq8BYE,https://t.me/FilmHouseFilebot?start=BQADAQADEgUAAvt7aEYpShgc2PiFcRYE,,,,,,,,,,,,,,,,,,,,,,,,,,,,,,,,,,,,,,
Phineas and Ferb,1877-phineas-and-ferb,tv,https://t.me/+cJUgTGPMeXoyM2Nk,https://t.me/+cJUgTGPMeXoyM2Nk,https://t.me/+cJUgTGPMeXoyM2Nk,https://t.me/+cJUgTGPMeXoyM2Nk,,,,,,,,,,,,,,,,,,,,,,,,,,,,,,,,,,,,
Phineas and Ferb The Movie: Across the 2nd Dimension,71689-phineas-and-ferb-the-movie-across-the-2nd-dimension,movie,https://t.me/+cJUgTGPMeXoyM2Nk,,,,,,,,,,,,,,,,,,,,,,,,,,,,,,,,,,,,,,,
Phineas and Ferb the Movie: Candace Against the Universe,594328-phineas-and-ferb-the-movie-candace-against-the-universe,movie,https://t.me/+cJUgTGPMeXoyM2Nk,,,,,,,,,,,,,,,,,,,,,,,,,,,,,,,,,,,,,,,
Marvel's The Punisher,67178-marvel-s-the-punisher,tv,https://t.me/FilmHouseFilebot?start=BQADAQADkwoAAkADgEUw4NksXneerxYE,https://t.me/FilmHouseFilebot?start=BQADAQADlgoAAkADgEVKMoKOzjpSSBYE,,,,,,,,,,,,,,,,,,,,,,,,,,,,,,,,,,,,,,
A Really Haunted Loud House,1146147-a-really-haunted-loud-house,movie,https://t.me/FilmHouseFilebot?start=BQADAQADcQQAAgiQMEQbC244G-adJBYE,,,,,,,,,,,,,,,,,,,,,,,,,,,,,,,,,,,,,,,
The Really Loud House,211779-the-really-loud-house,tv,https://t.me/FilmHouseFilebot?start=BQADAQAD6AYAAmMP-EX6dSVBqh-BuxYE,,,,,,,,,,,,,,,,,,,,,,,,,,,,,,,,,,,,,,,
Rick and Morty,60625-rick-and-morty,tv,https://t.me/FilmHouseFilebot?start=BQADBAAD9w8AAhnFwFH0gqSh8REx3xYE,https://t.me/FilmHouseFilebot?start=BQADBAAD-A8AAhnFwFHIgxwMRy8btBYE,https://t.me/FilmHouseFilebot?start=BQADBAAD-g8AAhnFwFHmMf96rzhPbRYE,https://t.me/FilmHouseFilebot?start=BQADBAAD_Q8AAhnFwFF88_q-O40c7RYE,https://t.me/FilmHouseFilebot?start=BQADBAADAhAAAhnFwFFA7w_VlATwaBYE,https://t.me/FilmHouseFilebot?start=BQADBAADAxAAAhnFwFGY-l92ojf5iRYE,https://t.me/FilmHouseFilebot?start=BQADAQAD5wQAAvt7aEaSYFc0Gl696RYE,,,,,,,,,,,,,,,,,,,,,,,,,,,,,,,,,
Sam & Cat,45666-sam-cat,tv,https://t.me/+cJUgTGPMeXoyM2Nk,,,,,,,,,,,,,,,,,,,,,,,,,,,,,,,,,,,,,,,
Swagger,94245-swagger,tv,https://t.me/FilmHouseFilebot?start=BQADAQADHgsAAgiQKESkamxs-RlbzBYE,https://t.me/FilmHouseFilebot?start=BQADAQADIAsAAgiQKERQ6-o_jR48pRYE,,,,,,,,,,,,,,,,,,,,,,,,,,,,,,,,,,,,,,
Them,120462-them,tv,https://t.me/FilmHouseFilebot?start=BQADAQADNgUAAvSgAAFH-ud7OlxipzMWBA,,,,,,,,,,,,,,,,,,,,,,,,,,,,,,,,,,,,,,,
The Thundermans,58981-the-thundermans,tv,https://t.me/+cJUgTGPMeXoyM2Nk,,,,,,,,,,,,,,,,,,,,,,,,,,,,,,,,,,,,,,,
To All the Boys I've Loved Before,466282-to-all-the-boys-i-ve-loved-before,movie,https://t.me/FilmHouseFilebot?start=BQADAQADPBgAAkKtqEWU8mhI_YoAAdAWBA,,,,,,,,,,,,,,,,,,,,,,,,,,,,,,,,,,,,,,,
To All the Boys: P.S. I Still Love You,565426-to-all-the-boys-p-s-i-still-love-you,movie,https://t.me/FilmHouseFilebot?start=BQADAQADPRgAAkKtqEXPnvPZfK_unBYE,,,,,,,,,,,,,,,,,,,,,,,,,,,,,,,,,,,,,,,
To All the Boys: Always and Forever,614409-to-all-the-boys-always-and-forever,movie,https://t.me/FilmHouseFilebot?start=BQADAQADPhgAAkKtqEUwuY_L0AABLsAWBA,,,,,,,,,,,,,,,,,,,,,,,,,,,,,,,,,,,,,,,
Trinkets,89852-trinkets,tv,https://t.me/FilmHouseFilebot?start=BQADAQADWgUAAkADiEUzh8xkNrDz-RYE,,,,,,,,,,,,,,,,,,,,,,,,,,,,,,,,,,,,,,,
Young Sheldon,71728-young-sheldon,tv,https://t.me/FilmHouseFilebot?start=BQADAQAD5AUAAnsCmUbqkszGJYQLwBYE,https://t.me/FilmHouseFilebot?start=BQADAQAD5QUAAnsCmUa6e6Oi11n2shYE,https://t.me/FilmHouseFilebot?start=BQADAQAD5wUAAnsCmUb-nqCuuWN2aBYE,https://t.me/FilmHouseFilebot?start=BQADAQAD6QUAAnsCmUaZBY7eje6mpRYE,https://t.me/FilmHouseFilebot?start=BQADAQAD6gUAAnsCmUYmoyCrymE1chYE,https://t.me/FilmHouseFilebot?start=BQADAQAD6wUAAnsCmUZ914DlGJGeYxYE,https://t.me/FilmHouseFilebot?start=BQADAQADeAkAAhsfEEd0WvknSeRbehYE,,,,,,,,,,,,,,,,,,,,,,,,,,,,,,,,,
Olóládé,240196-ololade,tv,https://t.me/FilmHouseFilebot?start=BQADAQADXg4AAh50AAFG5HP84btovJIWBA,,,,,,,,,,,,,,,,,,,,,,,,,,,,,,,,,,,,,,,
Brotherhood,1042978-brotherhood,movie,https://t.me/FilmHouseFilebot?start=BQADAQADjg4AAh50AAFGGDBcqWWyGbAWBA,,,,,,,,,,,,,,,,,,,,,,,,,,,,,,,,,,,,,,,
Adulting,245679-adulting,tv,https://t.me/FilmHouseFilebot?start=BQADAQADmA4AAh50AAFGnuKYx_DuP-0WBA,,,,,,,,,,,,,,,,,,,,,,,,,,,,,,,,,,,,,,,
All na Vibes,1081943-all-na-vibes,movie,https://t.me/FilmHouseFilebot?start=BQADAQADpg4AAh50AAFGpVg3OQJ95ygWBA,,,,,,,,,,,,,,,,,,,,,,,,,,,,,,,,,,,,,,,
A Tribe Called Judah,1206988-a-tribe-called-judah,movie,https://t.me/FilmHouseFilebot?start=BQADAQADqg4AAh50AAFGUmsDRSgZfJcWBA,,,,,,,,,,,,,,,,,,,,,,,,,,,,,,,,,,,,,,,
Disconnect,751182-disconnect,movie,https://t.me/FilmHouseFilebot?start=BQADAQADtg4AAh50AAFG_tNVyF_8d5AWBA,,,,,,,,,,,,,,,,,,,,,,,,,,,,,,,,,,,,,,,
Disconnect: The Wedding Planner,1063242-disconnect-the-wedding-planner,movie,https://t.me/FilmHouseFilebot?start=BQADAQADuA4AAh50AAFGEmT3-zCNJH8WBA,,,,,,,,,,,,,,,,,,,,,,,,,,,,,,,,,,,,,,,
Before Valentine's,1082109-before-valentine-s,movie,https://t.me/FilmHouseFilebot?start=BQADAQADxQ4AAh50AAFGr4Plv6RP5bwWBA,,,,,,,,,,,,,,,,,,,,,,,,,,,,,,,,,,,,,,,
A Sunday Affair,1076955-entre-el-amor-y-la-amistad,movie,https://t.me/FilmHouseFilebot?start=BQADAQADyQ4AAh50AAFGqX80sBiJ-vsWBA,,,,,,,,,,,,,,,,,,,,,,,,,,,,,,,,,,,,,,,
Palava!,1060526-palava,movie,https://t.me/FilmHouseFilebot?start=BQADAQADzQ4AAh50AAFGhwg6rIzm4IMWBA,,,,,,,,,,,,,,,,,,,,,,,,,,,,,,,,,,,,,,,
Gangs of Lagos,1104040-gangs-of-lagos,movie,https://t.me/FilmHouseFilebot?start=BQADAQAD8w4AAh50AAFGE2C9bEHWKm4WBA,,,,,,,,,,,,,,,,,,,,,,,,,,,,,,,,,,,,,,,
A Weekend to Forget,1174928-a-weekend-to-forget,movie,https://t.me/FilmHouseFilebot?start=BQADAQADGw8AAh50AAFGsU8Tn1dGmfsWBA,,,,,,,,,,,,,,,,,,,,,,,,,,,,,,,,,,,,,,,
Mikolo,1166162-mikolo,movie,https://t.me/FilmHouseFilebot?start=BQADAQADHQ8AAh50AAFGEaPysc-dP8kWBA,,,,,,,,,,,,,,,,,,,,,,,,,,,,,,,,,,,,,,,
An Instant Dad,1208563-an-instant-dad,movie,https://t.me/FilmHouseFilebot?start=BQADAQADIg8AAh50AAFG0dNGqyaKfvkWBA,,,,,,,,,,,,,,,,,,,,,,,,,,,,,,,,,,,,,,,
Blood Vessel,1214891-blood-vessel,movie,https://t.me/FilmHouseFilebot?start=BQADAQADMg8AAh50AAFGPaK8j_rVnNYWBA,,,,,,,,,,,,,,,,,,,,,,,,,,,,,,,,,,,,,,,
The Trade,1101365-the-trade,movie,https://t.me/FilmHouseFilebot?start=BQADAQADTA8AAh50AAFGGtu9BnRuE30WBA,,,,,,,,,,,,,,,,,,,,,,,,,,,,,,,,,,,,,,,
A Simple Lie,1107691-a-simple-lie,movie,https://t.me/FilmHouseFilebot?start=BQADAQADTw8AAh50AAFGiy4f1ocGy-oWBA,,,,,,,,,,,,,,,,,,,,,,,,,,,,,,,,,,,,,,,
The Order of Things,1123088-the-order-of-things,movie,https://t.me/FilmHouseFilebot?start=BQADAQADeA8AAh50AAFGKhFhith9yhoWBA,,,,,,,,,,,,,,,,,,,,,,,,,,,,,,,,,,,,,,,
House of Money,1002447-ile-owo,movie,https://t.me/FilmHouseFilebot?start=BQADAQADew8AAh50AAFGHJpPKXbk_QwWBA,,,,,,,,,,,,,,,,,,,,,,,,,,,,,,,,,,,,,,,
The Pretty Ones Are The Loneliest,1560142-the-pretty-ones-are-the-loneliest,movie,https://t.me/FilmHouseFilebot?start=BQADAQADfQ8AAh50AAFGtVfphxNfOrMWBA,,,,,,,,,,,,,,,,,,,,,,,,,,,,,,,,,,,,,,,
Love In A Pandemic,1084836-love-in-a-pandemic,movie,https://t.me/FilmHouseFilebot?start=BQADAQADlQ8AAh50AAFG0sfCq4GI7fcWBA,,,,,,,,,,,,,,,,,,,,,,,,,,,,,,,,,,,,,,,
Boycott,1618414-boycott,movie,https://t.me/FilmHouseFilebot?start=BQADAQADlw8AAh50AAFGuwuctS1r51YWBA,,,,,,,,,,,,,,,,,,,,,,,,,,,,,,,,,,,,,,,
Terminus,1240212-terminus,movie,https://t.me/FilmHouseFilebot?start=BQADAQADnw8AAh50AAFGoM27c3Ns9PoWBA,,,,,,,,,,,,,,,,,,,,,,,,,,,,,,,,,,,,,,,
The Man for the Job,1022733-the-man-for-the-job,movie,https://t.me/FilmHouseFilebot?start=BQADAQADoA8AAh50AAFGkZOw60CbdfIWBA,,,,,,,,,,,,,,,,,,,,,,,,,,,,,,,,,,,,,,,
The Stand Up,1066891-the-stand-up,movie,https://t.me/FilmHouseFilebot?start=BQADAQADqA8AAh50AAFG-nQcLcwsIycWBA,,,,,,,,,,,,,,,,,,,,,,,,,,,,,,,,,,,,,,,
Sistá,1134171-sista,movie,https://t.me/FilmHouseFilebot?start=BQADAQADqw8AAh50AAFG5y6Bdx3wNGQWBA,,,,,,,,,,,,,,,,,,,,,,,,,,,,,,,,,,,,,,,
A Lot Like Love,1138052-a-lot-like-love,movie,https://t.me/FilmHouseFilebot?start=BQADAQADrg8AAh50AAFGd5bgj6FxzXoWBA,,,,,,,,,,,,,,,,,,,,,,,,,,,,,,,,,,,,,,,
My Blood,1018288-obara-m,movie,https://t.me/FilmHouseFilebot?start=BQADAQADyg8AAh50AAFGbBJNrckEqK4WBA,,,,,,,,,,,,,,,,,,,,,,,,,,,,,,,,,,,,,,,
Battle on Buka Street,1058479-battle-on-buka-street,movie,https://t.me/FilmHouseFilebot?start=BQADAQADzQ8AAh50AAFGpiS2H5q8de4WBA,,,,,,,,,,,,,,,,,,,,,,,,,,,,,,,,,,,,,,,
Ijakumo: The Born Again Stripper,1058491-ijakumo-the-born-again-stripper,movie,https://t.me/FilmHouseFilebot?start=BQADAQAD0A8AAh50AAFGsS75AAF_iobqFgQ,,,,,,,,,,,,,,,,,,,,,,,,,,,,,,,,,,,,,,,
Passport,1019807-passport,movie,https://t.me/FilmHouseFilebot?start=BQADAQAD1w8AAh50AAFG9LfJhq79qngWBA,,,,,,,,,,,,,,,,,,,,,,,,,,,,,,,,,,,,,,,
The House of Secrets,1146676-the-house-of-secrets,movie,https://t.me/FilmHouseFilebot?start=BQADAQAD2A8AAh50AAFGIc4nuslKZcIWBA,,,,,,,,,,,,,,,,,,,,,,,,,,,,,,,,,,,,,,,
Single Not Searching,1023514-single-not-searching,movie,https://t.me/FilmHouseFilebot?start=BQADAQAD9w8AAh50AAFG_zb8gmkOcFgWBA,,,,,,,,,,,,,,,,,,,,,,,,,,,,,,,,,,,,,,,
Spud,61410-spud,movie,https://t.me/FilmHouseFilebot?start=BQADAQADLBAAAh50AAFGIuY13iBbHeEWBA,,,,,,,,,,,,,,,,,,,,,,,,,,,,,,,,,,,,,,,
Spud 2: The Madness Continues,200580-spud-2-the-madness-continues,movie,https://t.me/FilmHouseFilebot?start=BQADAQADLRAAAh50AAFG2Q8gXOayDtsWBA,,,,,,,,,,,,,,,,,,,,,,,,,,,,,,,,,,,,,,,
Spud 3: Learning to Fly,317953-spud-3-learning-to-fly,movie,https://t.me/FilmHouseFilebot?start=BQADAQADMBAAAh50AAFGAAEKTh5zlw8-FgQ,,,,,,,,,,,,,,,,,,,,,,,,,,,,,,,,,,,,,,,
Momiwa,1451853-momiwa,movie,https://t.me/FilmHouseFilebot?start=BQADAQADMxAAAh50AAFGoU3-YMGF8csWBA,,,,,,,,,,,,,,,,,,,,,,,,,,,,,,,,,,,,,,,
Water & Garri,1285427-water-garri,movie,https://t.me/FilmHouseFilebot?start=BQADAQADUhAAAh50AAFGJ5io0xY5790WBA,,,,,,,,,,,,,,,,,,,,,,,,,,,,,,,,,,,,,,,
Charade,1722061-charade,movie,https://t.me/FilmHouseFilebot?start=BQADAQADKxEAAh50AAFGHpeew52CCeQWBA,,,,,,,,,,,,,,,,,,,,,,,,,,,,,,,,,,,,,,,
Ecstasy,1722066-ecstasy,movie,https://t.me/FilmHouseFilebot?start=BQADAQADmhEAAh50AAFGn0wgLM2W2XUWBA,,,,,,,,,,,,,,,,,,,,,,,,,,,,,,,,,,,,,,,
Better Half,1722070-better-half,movie,https://t.me/FilmHouseFilebot?start=BQADAQAD2REAAh50AAFGQokojT4gMYoWBA,,,,,,,,,,,,,,,,,,,,,,,,,,,,,,,,,,,,,,,
Solo Leveling,127532,tv,https://t.me/FilmHouseFilebot?start=BQADAQADBBQAAh50AAFG60PL568DVo0WBA,https://t.me/FilmHouseFilebot?start=BQADAQADHBQAAh50AAFGS-gWntktk_oWBA,,,,,,,,,,,,,,,,,,,,,,,,,,,,,,,,,,,,,,